Leaf MeSH Term,Nº of Signatures,Nº of Datasets,Nº of Baseline,Nº of Factor Cell Line,Nº of Factor Time,Nº of Factor Disease State,Nº of Factor Agent,Nº of Factor Tissue,Nº of Factor Age,Nº of Factor Genotype,Nº of Factor Specimen,Nº of Factor Protocol,Nº of Factor Cell Type,Nº of Factor Other
Breast Neoplasms,491,87,34,58,59,64,95,3,0,34,32,29,2,89
Lung Neoplasms,352,23,19,4,20,37,23,5,153,6,0,2,2,95
Prostatic Neoplasms,285,36,32,6,58,32,16,19,0,12,66,20,10,38
Neoplasm Metastasis,258,24,35,34,28,41,1,25,0,5,66,18,1,37
"Carcinoma, Squamous Cell",216,16,12,1,18,36,4,3,0,0,0,3,0,147
"Carcinoma, Non-Small-Cell Lung",204,8,7,4,0,2,14,0,153,0,0,2,1,28
Brain Neoplasms,139,14,4,4,0,47,1,6,15,9,2,2,19,34
Adenocarcinoma,133,19,8,1,7,30,5,7,0,4,0,1,6,67
"Muscular Dystrophy, Emery-Dreifuss",121,2,19,0,0,121,0,0,0,0,0,0,0,0
"Leukemia, Lymphocytic, Chronic, B-Cell",117,13,12,0,6,21,10,3,10,4,0,0,3,47
Glioblastoma,111,10,1,4,0,22,3,9,15,9,24,0,7,18
"Carcinoma, Ductal, Breast",108,7,3,0,15,13,0,0,0,0,1,1,0,78
"Cell Transformation, Neoplastic",105,20,6,9,18,32,4,2,10,16,1,1,6,2
"Carcinoma, Lobular",102,3,3,0,15,7,0,0,0,0,1,1,0,78
Neoplasms,101,15,7,39,24,3,9,1,0,9,0,0,0,10
Neoplasm Invasiveness,99,27,8,0,0,35,4,3,0,10,2,3,7,33
Tuberculosis,91,6,0,0,13,3,5,0,0,0,0,0,3,0
Glioma,88,8,4,0,0,30,0,6,0,0,2,2,18,30
"Disease Models, Animal",83,15,8,32,6,13,4,4,0,12,0,0,1,3
HIV Infections,73,14,8,1,10,21,11,6,0,4,0,3,1,12
"Leukemia, Myeloid, Acute",71,13,3,6,1,26,2,0,0,19,0,0,7,10
Leukemia,70,3,3,28,0,37,0,0,0,0,0,3,0,1
Fibrosarcoma,69,4,0,0,0,46,0,21,0,0,0,0,0,0
Hodgkin Disease,68,2,35,0,0,61,0,0,0,0,0,0,0,6
"Diabetes Mellitus, Type 2",67,16,4,0,0,21,2,0,0,0,0,4,0,36
Melanoma,65,9,4,32,6,10,7,3,0,0,0,0,6,0
Kidney Neoplasms,65,11,2,0,6,18,1,15,0,24,0,0,0,1
Liposarcoma,59,2,0,0,0,55,1,0,0,0,0,0,0,0
"Lymphoma, Follicular",58,2,35,0,0,58,0,0,0,0,0,0,0,0
"Muscular Dystrophy, Facioscapulohumeral",57,1,0,0,0,1,0,1,0,0,0,0,0,55
"Carcinoma, Renal Cell",56,8,1,0,0,15,1,15,0,24,0,0,0,1
Prostatic Hyperplasia,51,2,13,0,0,13,0,0,0,0,0,1,1,36
Pancreatic Neoplasms,51,10,9,0,28,10,2,3,0,1,0,0,6,1
"Lymphoma, B-Cell",50,5,4,0,3,17,16,1,10,0,0,0,0,3
Medulloblastoma,49,6,5,0,15,13,0,0,0,0,0,11,0,9
Atherosclerosis,47,3,8,0,0,0,8,0,0,0,0,0,0,0
Prostatic Intraepithelial Neoplasia,47,1,13,0,0,10,0,0,0,0,0,0,1,36
"Histiocytoma, Malignant Fibrous",45,1,0,0,0,45,0,0,0,0,0,0,0,0
Obesity,39,25,0,0,2,14,1,1,0,0,1,5,0,1
Insulin Resistance,39,20,4,0,2,16,1,2,1,0,0,6,0,0
Osteosarcoma,38,4,2,1,17,0,14,0,0,3,0,0,0,0
Progeria,38,4,2,31,3,2,0,0,0,1,0,1,0,0
"Influenza, Human",37,5,0,0,27,4,0,0,0,0,0,0,0,0
"Carcinoma, Hepatocellular",35,4,0,0,0,4,7,3,0,21,0,0,0,0
Bone Neoplasms,34,4,1,4,14,0,7,0,0,3,0,0,0,0
"Lymphoma, Large B-Cell, Diffuse",33,5,0,3,0,9,12,1,0,1,0,0,0,7
"Colitis, Ulcerative",33,8,4,0,0,17,3,8,0,0,4,0,0,1
Arteriosclerosis,32,2,2,30,0,2,0,0,0,0,0,0,0,0
Liver Neoplasms,32,5,0,0,0,5,1,4,0,21,0,0,0,0
Cystic Fibrosis,30,5,2,0,0,6,7,0,0,7,0,0,0,0
Colorectal Neoplasms,30,17,6,0,1,7,2,2,0,3,2,0,0,10
Multiple Myeloma,30,7,3,0,0,16,2,0,0,0,0,1,11,0
Psoriasis,29,4,2,0,1,2,22,0,0,0,3,0,0,1
"Leukemia, Promyelocytic, Acute",28,5,3,0,4,15,1,0,0,7,0,0,0,0
Carcinoma in Situ,27,6,7,0,0,12,0,0,0,0,15,0,0,0
Urinary Bladder Neoplasms,26,3,5,0,0,3,0,1,0,6,15,1,0,0
Skin Neoplasms,26,4,3,1,6,7,6,0,0,0,0,0,6,0
"Multiple Sclerosis, Relapsing-Remitting",26,3,0,0,23,0,1,0,0,0,0,0,0,0
"Sarcoma, Ewing",23,5,1,4,3,4,6,0,0,0,0,0,0,0
Lymphoma,23,2,0,0,6,0,3,0,1,0,0,0,1,11
Precursor Cell Lymphoblastic Leukemia-Lymphoma,22,9,3,1,9,6,4,0,0,0,0,2,0,0
Acanthosis Nigricans,22,1,0,0,0,0,21,0,0,0,0,0,0,1
Colonic Neoplasms,21,8,0,1,1,2,4,0,0,0,0,8,3,2
Parkinson Disease,21,7,1,0,0,7,1,7,0,4,0,0,1,0
Central Nervous System Neoplasms,21,1,0,0,6,0,3,0,1,0,0,0,0,10
Diabetes Mellitus,21,3,6,0,12,7,0,0,0,0,0,0,0,0
Ovarian Neoplasms,19,9,2,2,3,7,3,0,0,1,1,1,1,0
Crohn Disease,19,4,4,0,3,9,1,0,0,3,3,0,0,0
Pseudomonas Infections,18,2,0,0,0,0,1,0,0,7,0,0,0,0
"Hypertension, Pulmonary",17,4,3,0,6,8,1,0,0,0,0,0,1,0
Precursor T-Cell Lymphoblastic Leukemia-Lymphoma,17,3,0,11,0,1,2,0,0,3,0,0,0,0
Cryptosporidiosis,17,2,2,0,10,0,0,0,0,0,0,0,0,3
Coronary Artery Disease,17,3,0,0,0,1,3,0,0,3,0,0,10,0
"Carcinoma, Pancreatic Ductal",17,4,2,0,0,9,0,1,0,1,0,0,6,0
"Neoplasm Recurrence, Local",17,8,1,0,0,8,3,0,0,0,1,2,0,1
Uterine Diseases,16,2,2,0,3,0,0,0,0,0,0,3,0,10
"Dermatitis, Atopic",16,4,2,0,0,5,0,1,0,0,0,4,0,0
"Lung Diseases, Interstitial",16,3,0,0,0,1,6,0,0,0,6,0,0,3
Alzheimer Disease,16,4,1,0,0,14,0,0,1,0,0,0,0,0
Multiple Sclerosis,15,5,0,0,6,3,3,0,0,2,0,0,1,0
"Leukemia, Monocytic, Acute",15,1,0,0,0,15,0,0,0,0,0,0,0,0
Sepsis,15,6,1,0,0,8,4,0,0,0,0,1,1,0
"Malaria, Falciparum",15,3,2,0,0,7,1,0,0,0,0,0,0,1
Endometrial Neoplasms,15,3,0,0,0,2,3,0,0,0,0,0,0,10
"Carcinoma, Transitional Cell",15,1,5,0,0,0,0,0,0,0,15,0,0,0
Burkitt Lymphoma,15,3,0,3,0,3,0,0,0,1,0,1,0,6
"Muscular Dystrophy, Duchenne",15,10,7,0,0,8,2,0,4,0,0,0,0,0
Carcinoma,14,5,1,0,1,1,3,0,0,0,0,0,3,0
"Leukemia, Myeloid",14,7,4,0,0,3,1,2,0,4,0,1,0,3
Uterine Cervical Neoplasms,14,4,7,0,0,12,1,0,0,0,0,1,0,0
Asthma,13,7,3,0,0,7,3,0,0,0,0,1,1,1
Testicular Neoplasms,13,2,0,0,0,12,0,1,0,0,0,0,0,0
"Leukemia, T-Cell",13,2,0,10,0,1,1,0,0,1,0,0,0,0
Occupational Diseases,13,1,0,0,10,0,3,0,0,0,0,0,0,0
"Pulmonary Disease, Chronic Obstructive",13,9,3,0,1,3,1,0,0,0,0,0,0,1
"Leukemia, Myelogenous, Chronic, BCR-ABL Positive",13,7,5,1,0,1,9,0,0,0,0,0,1,1
Bronchitis,13,1,0,0,10,0,3,0,0,0,0,0,0,0
Muscular Atrophy,12,5,1,0,0,1,0,0,2,0,3,6,0,0
Idiopathic Pulmonary Fibrosis,12,1,2,0,0,3,0,3,0,0,3,0,0,0
Glycogen Storage Disease Type II,12,2,0,0,6,2,1,0,0,0,0,0,0,3
"Carcinoma, Intraductal, Noninfiltrating",12,1,0,0,10,0,1,0,0,1,0,0,0,0
Nasopharyngeal Neoplasms,12,2,0,0,0,2,0,0,0,0,0,0,0,10
Polycystic Ovary Syndrome,11,8,0,0,0,7,3,0,0,0,0,0,0,1
Lung Diseases,11,1,1,3,6,0,1,0,0,0,0,0,1,0
Hypopharyngeal Neoplasms,11,1,4,0,0,10,0,1,0,0,0,0,0,0
"Lymphoma, AIDS-Related",10,1,0,0,0,3,0,0,0,1,0,0,0,6
"Obesity, Morbid",10,4,0,0,0,5,0,2,0,0,0,1,0,0
Leiomyoma,10,5,2,0,0,4,0,0,0,3,0,0,0,3
"Arthritis, Juvenile",10,3,0,0,0,7,1,0,0,0,0,1,1,0
Cerebellar Neoplasms,10,1,0,0,0,6,0,0,0,0,0,0,0,3
Hypersensitivity,10,4,2,0,0,4,0,0,0,0,0,0,0,6
Myelodysplastic Syndromes,9,4,3,0,0,9,0,0,0,0,0,0,0,0
Esophageal Neoplasms,9,4,5,0,0,5,0,4,0,0,0,0,0,0
"Dermatitis, Allergic Contact",9,2,4,0,6,1,2,0,0,0,0,0,0,0
Heart Failure,9,3,0,0,0,9,0,0,0,0,0,0,0,0
"Breast Neoplasms, Male",9,1,0,0,0,6,1,0,0,0,1,1,0,0
"Arthritis, Rheumatoid",9,6,0,1,0,6,0,0,0,0,0,0,1,1
Hyperinsulinism,9,3,0,0,3,3,1,0,1,0,0,1,0,0
Huntington Disease,8,3,0,0,0,7,0,0,0,0,0,0,0,0
"Leukemia-Lymphoma, Adult T-Cell",8,2,0,0,0,0,6,1,0,1,0,0,0,0
"Adenocarcinoma, Papillary",8,2,0,0,0,7,0,0,0,0,1,0,0,0
Endometriosis,8,5,1,0,0,5,0,0,0,0,0,0,0,3
"Carcinoma, Papillary",8,2,0,0,0,7,0,0,0,0,0,0,0,1
Barrett Esophagus,8,3,5,0,0,4,0,4,0,0,0,0,0,0
Stomach Neoplasms,8,3,3,0,0,1,1,0,0,6,0,0,0,0
"Hepatitis C, Chronic",8,3,3,0,3,0,5,0,0,0,0,0,0,0
Familial Mediterranean Fever,7,1,1,0,6,0,0,0,0,0,0,0,0,0
Placenta Diseases,7,1,2,0,0,3,0,0,0,0,0,0,0,1
"Anemia, Sickle Cell",7,3,0,0,0,7,0,0,0,0,0,0,0,0
Primary Myelofibrosis,7,2,3,0,0,1,0,0,0,6,0,0,0,0
"Carcinoma, Small Cell",7,1,0,0,0,0,0,0,0,6,0,0,1,0
Williams Syndrome,7,1,0,0,0,1,0,0,6,0,0,0,0,0
Waldenstrom Macroglobulinemia,7,1,2,0,0,6,0,0,0,0,0,0,1,0
Pulmonary Emphysema,7,3,2,0,0,4,3,0,0,0,0,0,0,0
Spondylarthropathies,7,1,0,0,0,6,0,0,0,0,0,0,1,0
Measles,7,1,2,0,0,0,0,0,0,0,0,6,0,0
Skin Diseases,7,1,0,0,6,0,1,0,0,0,0,0,0,0
"Adenocarcinoma, Mucinous",7,2,0,0,0,7,0,0,0,0,0,0,0,0
Seminoma,7,2,0,0,0,7,0,0,0,0,0,0,0,0
Lymphatic Metastasis,7,4,2,0,0,2,1,2,0,1,0,0,1,0
Simian Acquired Immunodeficiency Syndrome,7,2,0,0,3,0,1,0,0,0,0,0,0,3
Thrombocytopenia,6,2,0,0,6,0,0,0,0,0,0,0,0,0
Dementia,6,1,0,0,0,3,0,3,0,0,0,0,0,0
Pancreatic Pseudocyst,6,1,0,0,0,6,0,0,0,0,0,0,0,0
Uterine Prolapse,6,1,0,0,0,0,6,0,0,0,0,0,0,0
"Typhus, Epidemic Louse-Borne",6,1,0,0,0,0,0,0,0,0,0,0,0,0
MELAS Syndrome,6,1,1,0,0,3,0,0,0,3,0,0,0,0
Abscess,6,1,0,0,0,6,0,0,0,0,0,0,0,0
Influenza in Birds,6,1,0,0,3,0,0,0,0,0,0,0,0,0
Prediabetic State,6,1,0,0,0,3,0,0,0,0,0,3,0,0
Periodontal Pocket,6,1,0,0,6,0,0,0,0,0,0,0,0,0
Mitochondrial Myopathies,6,1,0,0,0,3,0,0,0,0,0,3,0,0
Rett Syndrome,6,2,0,0,0,1,1,0,0,0,0,3,1,0
Myocardial Ischemia,6,2,0,0,0,6,0,0,0,0,0,0,0,0
Familial Primary Pulmonary Hypertension,6,1,0,0,0,6,0,0,0,0,0,0,0,0
"Pancreatitis, Chronic",6,1,0,0,0,6,0,0,0,0,0,0,0,0
Klebsiella Infections,6,1,0,0,0,0,6,0,0,0,0,0,0,0
Androgen-Insensitivity Syndrome,6,1,3,0,0,1,1,0,0,0,0,1,0,0
Gingival Recession,6,1,0,0,6,0,0,0,0,0,0,0,0,0
Gingival Hemorrhage,6,1,0,0,6,0,0,0,0,0,0,0,0,0
Heart Diseases,6,1,0,0,0,0,6,0,0,0,0,0,0,0
"Cardiomyopathy, Dilated",6,5,1,0,0,3,0,0,0,1,0,1,1,0
Mouth Neoplasms,6,2,1,0,0,2,0,1,0,0,0,0,0,3
Myocardial Reperfusion Injury,6,1,0,0,0,0,0,0,0,0,0,0,6,0
"Scleroderma, Systemic",6,1,0,0,0,6,0,0,0,0,0,0,0,0
Fatty Liver,6,2,3,0,1,3,0,0,0,0,0,1,0,0
Pulmonary Fibrosis,5,2,2,0,0,4,1,0,0,0,0,0,0,0
Uterine Neoplasms,5,2,2,0,0,2,0,0,0,0,0,0,0,3
Pre-Eclampsia,5,3,2,0,0,5,0,0,0,0,0,0,0,0
Mesothelioma,5,2,1,0,0,1,1,0,0,0,0,0,3,0
Pituitary Neoplasms,5,2,1,0,0,4,0,0,0,0,0,0,0,0
Metabolic Syndrome,5,3,1,0,2,1,0,0,0,0,0,1,0,0
"Leukemia, Biphenotypic, Acute",5,1,0,1,3,0,1,0,0,0,0,0,0,0
Helicobacter Infections,4,1,0,0,0,0,0,1,0,0,0,0,0,0
Rectal Neoplasms,4,2,0,0,0,1,0,1,0,0,0,2,0,0
Fragile X Syndrome,4,1,2,0,0,1,0,0,0,3,0,0,0,0
"Lymphoma, Large-Cell, Immunoblastic",4,1,1,0,0,1,0,0,0,0,0,0,0,3
Macular Degeneration,4,2,1,0,0,1,3,0,0,0,0,0,0,0
Acne Vulgaris,4,3,4,0,0,1,2,0,0,0,0,0,0,1
"Neoplasms, Basal Cell",4,2,2,0,0,3,0,0,0,1,0,0,0,0
Hypertriglyceridemia,4,1,0,0,0,0,3,0,0,0,0,0,1,0
Hemorrhagic Disorders,4,1,0,0,0,3,1,0,0,0,0,0,0,0
Kidney Diseases,4,2,2,0,0,1,0,0,0,3,0,0,0,0
Calcinosis,4,1,0,0,0,0,1,0,0,0,0,0,0,0
Osteoporosis,4,3,0,0,0,2,0,0,0,0,1,0,0,0
Gastritis,4,1,0,0,0,0,0,1,0,0,0,0,0,0
"Tuberculosis, Meningeal",4,1,0,0,0,3,1,0,0,0,0,0,0,0
Pleural Neoplasms,4,1,1,0,0,1,0,0,0,0,0,0,3,0
"Tuberculosis, Pulmonary",4,1,0,0,0,3,1,0,0,0,0,0,0,0
Glycosuria,4,1,0,0,0,0,3,0,0,0,0,1,0,0
Tuberous Sclerosis,4,1,1,0,0,1,0,0,0,0,0,0,3,0
Cytomegalovirus Infections,4,2,0,0,0,0,0,0,0,0,0,1,1,1
Gonorrhea,4,1,0,0,0,0,1,0,0,0,0,0,0,0
Adrenocortical Carcinoma,3,1,0,0,0,0,3,0,0,0,0,0,0,0
"Cystadenocarcinoma, Serous",3,1,0,0,0,3,0,0,0,0,0,0,0,0
alpha 1-Antitrypsin Deficiency,3,1,1,0,0,3,0,0,0,0,0,0,0,0
Gastrointestinal Neoplasms,3,1,0,0,0,0,0,0,0,0,3,0,0,0
Dermatomyositis,3,1,0,0,0,3,0,0,0,0,0,0,0,0
Sjogren's Syndrome,3,1,2,0,0,3,0,0,0,0,0,0,0,0
"Leukemia, Plasma Cell",3,1,0,0,0,3,0,0,0,0,0,0,0,0
Rotavirus Infections,3,1,2,0,0,3,0,0,0,0,0,0,0,0
Peritoneal Neoplasms,3,1,1,0,0,0,1,0,0,1,0,0,1,0
Wounds and Injuries,3,2,0,0,0,0,1,1,0,0,0,1,0,0
Respiratory Insufficiency,3,1,0,0,3,0,0,0,0,0,0,0,0,0
Respiratory Tract Infections,3,1,0,0,0,0,3,0,0,0,0,0,0,0
Cardiomyopathies,3,1,0,0,0,3,0,0,0,0,0,0,0,0
Hemoglobinopathies,3,1,0,0,1,0,0,0,0,0,0,0,0,0
"Infertility, Male",3,3,0,0,0,3,0,0,0,0,0,0,0,0
"Hyperlipidemia, Familial Combined",3,2,0,0,0,1,1,0,0,1,0,0,0,0
Cardiovascular Diseases,3,3,0,0,0,2,1,0,0,0,0,0,0,0
Diabetic Cardiomyopathies,3,1,0,0,0,3,0,0,0,0,0,0,0,0
Respiratory Distress Syndrome,3,1,0,0,0,0,3,0,0,0,0,0,0,0
Adrenal Gland Neoplasms,3,1,1,0,0,0,3,0,0,0,0,0,0,0
"Sarcoma, Clear Cell",3,1,1,0,0,3,0,0,0,0,0,0,0,0
"Encephalomyelitis, Autoimmune, Experimental",2,1,0,0,0,1,0,0,0,1,0,0,0,0
Bronchopulmonary Dysplasia,2,1,1,0,0,1,0,0,0,0,0,0,0,0
Papillomavirus Infections,2,2,2,0,0,2,0,0,0,0,0,0,0,0
"Leukemia, Prolymphocytic",2,1,0,0,0,1,0,0,0,1,0,0,0,0
Adrenoleukodystrophy,2,1,1,0,0,1,0,0,0,0,0,0,1,0
Thrombophilia,2,1,0,0,1,0,0,0,0,0,0,0,0,1
"Genetic Diseases, Inborn",2,2,2,0,0,2,0,0,0,0,0,0,0,0
Ectodermal Dysplasia,2,1,0,0,0,0,0,0,0,1,0,1,0,0
Osteochondrodysplasias,2,1,0,0,0,1,0,0,0,1,0,0,0,0
Blast Crisis,2,1,0,0,0,1,1,0,0,0,0,0,0,0
Thyroid Neoplasms,2,2,0,0,0,2,0,0,0,0,0,0,0,0
"Mammary Neoplasms, Animal",2,1,0,0,0,0,0,0,0,0,0,1,0,0
Mycobacterium Infections,2,2,2,0,0,2,0,0,0,0,0,0,0,0
Keloid,2,1,1,0,0,1,1,0,0,0,0,0,0,0
Leukopenia,2,2,2,0,0,2,0,0,0,0,0,0,0,0
Precursor B-Cell Lymphoblastic Leukemia-Lymphoma,2,1,0,0,0,1,1,0,0,0,0,0,0,0
Glucose Intolerance,2,2,0,0,0,0,2,0,0,0,0,0,0,0
Central Nervous System Diseases,2,1,0,0,0,1,0,0,0,1,0,0,0,0
Cushing Syndrome,2,2,0,0,0,1,0,0,0,0,1,0,0,0
Adrenocortical Adenoma,2,2,1,0,0,1,0,0,0,0,1,0,0,0
"Sarcoidosis, Pulmonary",2,2,0,0,0,2,0,0,0,0,0,0,0,0
Down Syndrome,2,2,0,0,0,1,0,0,0,1,0,0,0,0
Cerebral Palsy,2,1,1,0,0,1,0,1,0,0,0,0,0,0
Mitochondrial Diseases,2,2,0,0,0,0,0,0,0,0,0,2,0,0
"Leukoencephalopathy, Progressive Multifocal",2,2,0,0,0,0,0,0,0,0,0,0,2,0
"Muscular Dystrophies, Limb-Girdle",2,2,0,0,0,2,0,0,0,0,0,0,0,0
Gram-Negative Bacterial Infections,2,1,0,0,0,0,1,0,0,0,0,0,1,0
"Toxoplasmosis, Animal",2,2,0,0,0,0,2,0,0,0,0,0,0,0
Contracture,2,1,1,0,0,1,0,1,0,0,0,0,0,0
"Diabetes Mellitus, Type 1",2,1,0,0,0,1,1,0,0,0,0,0,0,0
"Leukemia, Myelomonocytic, Acute",2,1,0,0,1,0,0,0,0,0,0,0,0,1
Osteoarthritis,2,1,0,0,0,1,0,0,0,0,0,0,0,0
Celiac Disease,2,1,0,0,0,0,0,0,0,0,0,0,1,1
AIDS Dementia Complex,2,1,1,0,0,1,1,0,0,0,0,0,0,0
Uveal Neoplasms,2,1,0,0,0,0,0,1,0,0,0,0,0,0
Demyelinating Diseases,2,1,0,0,0,1,0,0,0,1,0,0,0,0
Thrombocytosis,2,1,0,0,0,1,0,0,0,0,0,0,1,0
"Leukemia, Myeloid, Chronic-Phase",2,2,1,0,0,1,1,0,0,0,0,0,0,0
Oligodendroglioma,2,1,0,0,0,1,0,0,0,0,0,0,0,1
"Carcinoma, Adenoid Cystic",1,1,0,0,0,0,0,1,0,0,0,0,0,0
Entamoebiasis,1,1,0,0,1,0,0,0,0,0,0,0,0,0
Picornaviridae Infections,1,1,0,0,0,0,0,0,0,0,0,1,0,0
Vulvar Neoplasms,1,1,0,0,0,1,0,0,0,0,0,0,0,0
Hepatitis B,1,1,1,0,0,1,0,0,0,0,0,0,0,0
Alcoholism,1,1,0,0,0,1,0,0,0,0,0,0,0,0
"Hepatitis, Alcoholic",1,1,1,0,0,1,0,0,0,0,0,0,0,0
Severe Acute Respiratory Syndrome,1,1,0,0,0,1,0,0,0,0,0,0,0,0
Marfan Syndrome,1,1,0,0,0,1,0,0,0,0,0,0,0,0
Prolactinoma,1,1,0,0,0,1,0,0,0,0,0,0,0,0
Aortic Aneurysm,1,1,0,0,0,0,0,0,0,0,1,0,0,0
Diabetic Neuropathies,1,1,0,0,0,1,0,0,0,0,0,0,0,0
Growth Hormone-Secreting Pituitary Adenoma,1,1,0,0,0,1,0,0,0,0,0,0,0,0
Diabetic Nephropathies,1,1,1,0,0,1,0,0,0,0,0,0,0,0
Hyperandrogenism,1,1,0,0,0,1,0,0,0,0,0,0,0,0
Coronary Occlusion,1,1,0,0,0,1,0,0,0,0,0,0,0,0
Peritoneal Diseases,1,1,0,0,0,1,0,0,0,0,0,0,0,0
Eosinophilia,1,1,0,0,0,0,1,0,0,0,0,0,0,0
Pregnancy Complications,1,1,1,0,0,0,0,0,0,0,0,0,0,0
"Leprosy, Lepromatous",1,1,0,0,0,1,0,0,0,0,0,0,0,0
"Neoplasms, Experimental",1,1,0,0,0,0,1,0,0,0,0,0,0,0
TDP-43 Proteinopathies,1,1,0,0,0,0,0,0,0,1,0,0,0,0
Esophagitis,1,1,0,0,0,0,1,0,0,0,0,0,0,0
"Melanoma, Experimental",1,1,0,0,0,0,1,0,0,0,0,0,0,0
Astrocytoma,1,1,0,0,0,1,0,0,0,0,0,0,0,0
Herpesviridae Infections,1,1,0,0,0,0,0,0,0,0,0,0,0,0
Glaucoma,1,1,1,0,0,1,0,0,0,0,0,0,0,0
Intracranial Aneurysm,1,1,1,0,0,1,0,0,0,0,0,0,0,0
Staphylococcal Infections,1,1,1,0,0,0,0,0,0,0,0,0,0,0
Osteolysis,1,1,0,0,0,1,0,0,0,0,0,0,0,0
"Anemia, Diamond-Blackfan",1,1,0,0,0,1,0,0,0,0,0,0,0,0
Nephrosclerosis,1,1,0,0,0,1,0,0,0,0,0,0,0,0
"Rhabdomyosarcoma, Alveolar",1,1,0,0,0,0,0,0,0,1,0,0,0,0
Respiratory Syncytial Virus Infections,1,1,0,0,0,1,0,0,0,0,0,0,0,0
Retinoblastoma,1,1,1,0,0,0,0,0,0,1,0,0,0,0
Amyotrophic Lateral Sclerosis,1,1,0,0,0,1,0,0,0,0,0,0,0,0
Salivary Gland Neoplasms,1,1,0,0,0,0,0,1,0,0,0,0,0,0
Hepatitis C,1,1,0,0,0,0,0,0,0,0,0,0,0,0
Tumor Virus Infections,1,1,0,0,0,1,0,0,0,0,0,0,0,0
Malaria,1,1,0,0,0,1,0,0,0,0,0,0,0,0
"Liver Failure, Acute",1,1,1,0,0,1,0,0,0,0,0,0,0,0
"Leprosy, Tuberculoid",1,1,0,0,0,1,0,0,0,0,0,0,0,0
Foodborne Diseases,1,1,0,0,1,0,0,0,0,0,0,0,0,0
HIV Wasting Syndrome,1,1,0,0,0,0,1,0,0,0,0,0,0,0
Endodermal Sinus Tumor,1,1,0,0,0,1,0,0,0,0,0,0,0,0
Pterygium,1,1,0,0,0,0,0,1,0,0,0,0,0,0
Encephalitis,1,1,0,0,0,1,0,0,0,0,0,0,0,0
"Colorectal Neoplasms, Hereditary Nonpolyposis",1,1,1,0,0,1,0,0,0,0,0,0,0,0
Neuroblastoma,1,1,0,0,0,0,0,0,0,1,0,0,0,0
"Osteoarthritis, Knee",1,1,0,0,0,0,0,0,0,0,0,0,1,0
"Dysentery, Amebic",1,1,0,0,1,0,0,0,0,0,0,0,0,0
Epidermolysis Bullosa Simplex,1,1,0,0,0,1,0,0,0,0,0,0,0,0
"Dermatitis, Contact",1,1,0,0,0,0,1,0,0,0,0,0,0,0
Neural Tube Defects,1,1,1,0,0,1,0,0,0,0,0,0,0,0
